prompt,source
why do enterprise AI pilots fail to scale,derived from assessment demand corpus
how do I measure whether AI training changed anything,derived from assessment demand corpus
who should own AI governance in a company,derived from assessment demand corpus
how do I train managers to review AI output,derived from assessment demand corpus
AI upskilling programme for a 400 person operations team,derived from assessment demand corpus
how do we decide what is safe to ship with AI,derived from assessment demand corpus
best AI readiness assessment for enterprises,derived from assessment demand corpus
AI training taught by practitioners rather than consultants,derived from assessment demand corpus
how to stop AI pilots dying when the champion leaves,derived from assessment demand corpus
what should an AI capability programme cover for professional services,derived from assessment demand corpus
